"tipvg","price","count"
"К",0,40818
"К",5,145
"К",7,280
"К",8,183
"К",11,15
"К",13,4
"К",14,30
"К",15,18
"К",16,22
"К",17,33
"К",18,29
"К",19,81
"К",20,127
"К",21,104
"К",22,234
"К",23,8016
"К",24,8298
"К",25,23552
"К",26,4062
"К",27,760
"К",28,606
"К",29,2223
"К",30,729
"К",31,4353
"К",32,3389
"К",33,10572
"К",34,424
"К",35,165
"К",36,382
"К",37,277
"К",38,198
"К",39,309
"К",40,2554
"К",41,2062
"К",42,245
"К",43,1017
"К",44,528
"К",45,578
"К",46,1159
"К",47,803
"К",48,1574
"К",49,3123
"К",50,1675
"К",51,2285
"К",52,2260
"К",53,2783
"К",54,3251
"К",55,3684
"К",56,3319
"К",57,5639
"К",58,4556
"К",59,5813
"К",60,6616
"К",61,5486
"К",62,7703
"К",63,9533
"К",64,7642
"К",65,8473
"К",66,10368
"К",67,11919
"К",68,10988
"К",69,11272
"К",70,14286
"К",71,8819
"К",72,13958
"К",73,12870
"К",74,16124
"К",75,15285
"К",76,18774
"К",77,8414
"К",78,17264
"К",79,12485
"К",80,12301
"К",81,20137
"К",82,18127
"К",83,19358
"К",84,9022
"К",85,11211
"К",86,14780
"К",87,18884
"К",88,20363
"К",89,15812
"К",90,16309
"К",91,20912
"К",92,15021
"К",93,15944
"К",94,19638
"К",95,19136
"К",96,25311
"К",97,21403
"К",98,22213
"К",99,20863
"К",100,20640
"К",101,24678
"К",102,24181
"К",103,20818
"К",104,27047
"К",105,29060
"К",106,21300
"К",107,26101
"К",108,24922
"К",109,31005
"К",110,20350
"К",111,26735
"К",112,31019
"К",113,27999
"К",114,27931
"К",115,30817
"К",116,31775
"К",117,25590
"К",118,26566
"К",119,28243
"К",120,37014
"К",121,32687
"К",122,29209
"К",123,32821
"К",124,37365
"К",125,31031
"К",126,27773
"К",127,38539
"К",128,39039
"К",129,39880
"К",130,35548
"К",131,38419
"К",132,33144
"К",133,38255
"К",134,43546
"К",135,43465
"К",136,33016
"К",137,40245
"К",138,47179
"К",139,37126
"К",140,49058
"К",141,46803
"К",142,40601
"К",143,39386
"К",144,44362
"К",145,56484
"К",146,46336
"К",147,38287
"К",148,48834
"К",149,45325
"К",150,44636
"К",151,40047
"К",152,53154
"К",153,56885
"К",154,56721
"К",155,47934
"К",156,48917
"К",157,49778
"К",158,45377
"К",159,52340
"К",160,58283
"К",161,48887
"К",162,47011
"К",163,51663
"К",164,69889
"К",165,51466
"К",166,40602
"К",167,67034
"К",168,45468
"К",169,42025
"К",170,56104
"К",171,54472
"К",172,76273
"К",173,53211
"К",174,48135
"К",175,42580
"К",176,52897
"К",177,53725
"К",178,67000
"К",179,58491
"К",180,62977
"К",181,42629
"К",182,42601
"К",183,45941
"К",184,53702
"К",185,68644
"К",186,71831
"К",187,55272
"К",188,56840
"К",189,45306
"К",190,52970
"К",191,59586
"К",192,59817
"К",193,60263
"К",194,48344
"К",195,60552
"К",196,59174
"К",197,51418
"К",198,49989
"К",199,55608
"К",200,64046
"К",201,64743
"К",202,55262
"К",203,59259
"К",204,53097
"К",205,60584
"К",206,53528
"К",207,57482
"К",208,57471
"К",209,59633
"К",210,55505
"К",211,61043
"К",212,62426
"К",213,60827
"К",214,60285
"К",215,47942
"К",216,59903
"К",217,61662
"К",218,61870
"К",219,62215
"К",220,55767
"К",221,62551
"К",222,62919
"К",223,45181
"К",224,61098
"К",225,42971
"К",226,60564
"К",227,54839
"К",228,57650
"К",229,61211
"К",230,74292
"К",231,57773
"К",232,52770
"К",233,50901
"К",234,43302
"К",235,57916
"К",236,57606
"К",237,46707
"К",238,60621
"К",239,58854
"К",240,55314
"К",241,46768
"К",242,55233
"К",243,49660
"К",244,40769
"К",245,60947
"К",246,39355
"К",247,61413
"К",248,51592
"К",249,42937
"К",250,50396
"К",251,41891
"К",252,46323
"К",253,42652
"К",254,40646
"К",255,44098
"К",256,34359
"К",257,45622
"К",258,42239
"К",259,32217
"К",260,48350
"К",261,45047
"К",262,35014
"К",263,32381
"К",264,25139
"К",265,56191
"К",266,26841
"К",267,37538
"К",268,46292
"К",269,27452
"К",270,31922
"К",271,28517
"К",272,28490
"К",273,30356
"К",274,29393
"К",275,38746
"К",276,25373
"К",277,21072
"К",278,18563
"К",279,27447
"К",280,30244
"К",281,25278
"К",282,22549
"К",283,21030
"К",284,23776
"К",285,22296
"К",286,15244
"К",287,23122
"К",288,19977
"К",289,19955
"К",290,17838
"К",291,18965
"К",292,14744
"К",293,17099
"К",294,17802
"К",295,17576
"К",296,12056
"К",297,14582
"К",298,13004
"К",299,12663
"К",300,13181
"К",301,14130
"К",302,15595
"К",303,9313
"К",304,15118
"К",305,9095
"К",306,9518
"К",307,10629
"К",308,13049
"К",309,9041
"К",310,10667
"К",311,12290
"К",312,8143
"К",313,6982
"К",314,11366
"К",315,6513
"К",316,6093
"К",317,6143
"К",318,9477
"К",319,5748
"К",320,7565
"К",321,7620
"К",322,8251
"К",323,5303
"К",324,5007
"К",325,5249
"К",326,7688
"К",327,4380
"К",328,6758
"К",329,7897
"К",330,4386
"К",331,6928
"К",332,3846
"К",333,4523
"К",334,6248
"К",335,9891
"К",336,6015
"К",337,4413
"К",338,3859
"К",339,5447
"К",340,3344
"К",341,4057
"К",342,5114
"К",343,7823
"К",344,3159
"К",345,3371
"К",346,2946
"К",347,4917
"К",348,3571
"К",349,5797
"К",350,4236
"К",351,4849
"К",352,3731
"К",353,3358
"К",354,2990
"К",355,4041
"К",356,2156
"К",357,5129
"К",358,6340
"К",359,2151
"К",360,4480
"К",361,2818
"К",362,1633
"К",363,3151
"К",364,1696
"К",365,3045
"К",366,4451
"К",367,2003
"К",368,9362
"К",369,3439
"К",370,2935
"К",371,2204
"К",372,3016
"К",373,2976
"К",374,1675
"К",375,3583
"К",376,8112
"К",377,2094
"К",378,1988
"К",379,2374
"К",380,1939
"К",381,5429
"К",382,678
"К",383,2262
"К",384,5474
"К",385,2273
"К",386,1550
"К",387,1602
"К",388,3796
"К",389,3896
"К",390,748
"К",391,2690
"К",392,3340
"К",393,869
"К",394,859
"К",395,992
"К",396,1415
"К",397,3995
"К",398,2391
"К",399,716
"К",400,2092
"К",401,7946
"К",402,1314
"К",403,496
"К",404,1326
"К",405,2625
"К",406,1369
"К",407,1188
"К",408,4140
"К",409,4917
"К",410,598
"К",411,1726
"К",412,1001
"К",413,1236
"К",414,985
"К",415,710
"К",416,1816
"К",417,2750
"К",418,544
"К",419,477
"К",420,1428
"К",421,1527
"К",422,620
"К",423,949
"К",424,776
"К",425,720
"К",426,1640
"К",427,825
"К",428,1229
"К",429,677
"К",430,975
"К",431,162
"К",432,795
"К",433,621
"К",434,746
"К",435,633
"К",436,1614
"К",437,781
"К",438,1578
"К",439,979
"К",440,267
"К",441,741
"К",442,1691
"К",443,302
"К",444,860
"К",445,1438
"К",446,1532
"К",447,391
"К",448,338
"К",449,186
"К",450,819
"К",451,247
"К",452,239
"К",453,199
"К",454,463
"К",455,832
"К",456,120
"К",457,305
"К",458,351
"К",459,407
"К",460,115
"К",461,223
"К",462,392
"К",463,304
"К",464,149
"К",465,152
"К",466,447
"К",467,330
"К",468,805
"К",469,122
"К",470,293
"К",471,310
"К",472,100
"К",473,50
"К",474,177
"К",475,238
"К",476,129
"К",477,237
"К",478,775
"К",479,429
"К",480,140
"К",481,77
"К",482,130
"К",483,144
"К",484,116
"К",485,333
"К",486,448
"К",487,148
"К",488,104
"К",489,156
"К",490,74
"К",491,118
"К",492,84
"К",493,89
"К",494,45
"К",495,119
"К",496,113
"К",497,154
"К",498,193
"К",499,154
"К",500,62
"К",501,230
"К",502,43
"К",503,173
"К",504,136
"К",505,254
"К",506,184
"К",507,153
"К",508,378
"К",509,58
"К",510,360
"К",511,382
"К",512,109
"К",513,69
"К",514,33
"К",515,64
"К",516,120
"К",517,85
"К",518,152
"К",519,172
"К",520,73
"К",521,111
"К",522,74
"К",523,44
"К",524,185
"К",525,144
"К",526,41
"К",527,103
"К",528,63
"К",529,117
"К",530,96
"К",531,110
"К",532,71
"К",533,95
"К",534,109
"К",535,26
"К",536,80
"К",537,128
"К",538,226
"К",539,40
"К",540,11
"К",541,41
"К",542,14
"К",543,14
"К",544,55
"К",545,13
"К",546,39
"К",547,13
"К",548,13
"К",549,42
"К",550,13
"К",551,28
"К",552,54
"К",553,14
"К",554,52
"К",555,62
"К",556,41
"К",557,141
"К",558,76
"К",559,8
"К",560,31
"К",561,27
"К",562,25
"К",563,18
"К",564,24
"К",565,83
"К",566,6
"К",567,40
"К",568,12
"К",569,10
"К",570,16
"К",571,10
"К",572,63
"К",573,29
"К",574,16
"К",575,48
"К",576,9
"К",577,45
"К",578,12
"К",579,81
"К",580,27
"К",581,10
"К",582,6
"К",583,112
"К",584,35
"К",585,76
"К",586,6
"К",587,104
"К",588,4
"К",589,21
"К",590,74
"К",591,10
"К",592,17
"К",593,12
"К",594,49
"К",595,34
"К",596,23
"К",597,67
"К",598,7
"К",599,10
"К",600,100
"К",601,30
"К",602,28
"К",603,62
"К",604,37
"К",605,47
"К",606,16
"К",607,9
"К",608,9
"К",609,15
"К",610,20
"К",611,12
"К",612,3
"К",613,29
"К",614,32
"К",615,15
"К",616,5
"К",617,23
"К",618,35
"К",619,1
"К",620,3
"К",621,41
"К",622,18
"К",623,58
"К",624,3
"К",625,12
"К",626,11
"К",627,1
"К",628,11
"К",629,15
"К",630,3
"К",632,27
"К",633,7
"К",634,18
"К",635,9
"К",636,27
"К",638,4
"К",639,14
"К",640,14
"К",641,4
"К",642,23
"К",643,3
"К",644,8
"К",645,4
"К",646,24
"К",647,13
"К",648,5
"К",649,4
"К",650,3
"К",651,1
"К",652,6
"К",653,8
"К",654,4
"К",656,4
"К",657,5
"К",658,6
"К",659,2
"К",660,7
"К",661,1
"К",663,4
"К",664,5
"К",665,1
"К",666,1
"К",667,22
"К",668,2
"К",669,3
"К",670,26
"К",671,4
"К",672,1
"К",673,2
"К",674,1
"К",675,2
"К",676,3
"К",677,4
"К",679,3
"К",681,1
"К",682,5
"К",683,5
"К",684,2
"К",685,5
"К",687,1
"К",688,1
"К",690,1
"К",691,4
"К",692,5
"К",693,4
"К",695,1
"К",697,2
"К",698,1
"К",699,2
"К",700,11
"К",701,4
"К",702,9
"К",705,13
"К",706,5
"К",707,7
"К",708,6
"К",709,5
"К",711,3
"К",712,4
"К",713,5
"К",714,2
"К",715,1
"К",717,3
"К",718,2
"К",719,3
"К",721,3
"К",722,1
"К",723,3
"К",724,8
"К",726,5
"К",728,3
"К",729,4
"К",730,1
"К",731,2
"К",732,4
"К",733,1
"К",734,10
"К",735,9
"К",736,3
"К",737,9
"К",738,3
"К",739,1
"К",741,5
"К",742,4
"К",743,9
"К",744,6
"К",745,4
"К",746,10
"К",747,18
"К",748,37
"К",749,72
"К",750,31
"К",751,30
"К",752,16
"К",753,74
"К",754,15
"К",755,4
"К",756,38
"К",757,57
"К",758,35
"К",759,33
"К",760,70
"К",761,5
"К",762,14
"К",763,9
"К",764,8
"К",765,40
"К",766,13
"К",767,27
"К",768,14
"К",769,26
"К",770,13
"К",771,45
"К",772,6
"К",773,6
"К",774,3
"К",775,15
"К",776,5
"К",777,3
"К",778,7
"К",779,5
"К",780,10
"К",781,1
"К",782,37
"К",783,13
"К",784,30
"К",785,57
"К",786,6
"К",787,74
"К",788,109
"К",789,15
"К",790,41
"К",791,13
"К",792,34
"К",793,6
"К",794,46
"К",795,30
"К",796,14
"К",797,9
"К",798,20
"К",799,102
"К",800,49
"К",801,10
"К",802,69
"К",803,83
"К",804,52
"К",805,43
"К",806,30
"К",807,13
"К",808,23
"К",809,47
"К",810,27
"К",811,14
"К",812,47
"К",813,6
"К",814,57
"К",815,25
"К",816,13
"К",817,56
"К",818,30
"К",819,13
"К",820,39
"К",821,4
"К",822,6
"К",823,3
"К",824,4
"К",826,3
"К",827,14
"К",828,2
"К",829,49
"К",830,1
"К",831,14
"К",832,23
"К",833,3
"К",834,28
"К",835,17
"К",839,4
"К",840,4
"К",842,11
"К",843,21
"К",844,6
"К",845,14
"К",847,29
"К",848,24
"К",849,11
"К",850,5
"К",851,14
"К",853,14
"К",854,6
"К",855,4
"К",856,4
"К",857,5
"К",858,1
"К",859,4
"К",860,2
"К",861,1
"К",862,43
"К",863,1
"К",864,11
"К",865,4
"К",866,2
"К",867,1
"К",868,10
"К",869,1
"К",870,4
"К",872,6
"К",873,2
"К",875,25
"К",877,7
"К",878,1
"К",879,6
"К",880,5
"К",882,3
"К",883,5
"К",884,2
"К",885,3
"К",886,1
"К",887,3
"К",888,5
"К",889,23
"К",891,7
"К",892,3
"К",893,7
"К",894,5
"К",895,2
"К",896,1
"К",899,1
"К",900,5
"К",901,6
"К",903,105
"К",905,7
"К",907,1
"К",909,18
"К",910,25
"К",911,23
"К",913,20
"К",915,13
"К",916,53
"К",917,4
"К",918,10
"К",919,9
"К",920,1
"К",921,1
"К",922,4
"К",923,53
"К",924,14
"К",925,39
"К",927,21
"К",928,3
"К",929,2
"К",930,23
"К",931,12
"К",932,10
"К",933,1
"К",934,19
"К",935,30
"К",936,25
"К",937,29
"К",938,13
"К",939,3
"К",941,5
"К",942,30
"К",944,26
"К",945,5
"К",947,12
"К",948,15
"К",949,24
"К",950,2
"К",951,12
"К",952,16
"К",956,4
"К",958,26
"К",959,29
"К",961,2
"К",962,1
"К",963,17
"К",964,9
"К",970,7
"К",974,1
"К",992,1
"К",1004,2
"К",1013,2
"К",1015,1
"К",1032,8
"К",1034,1
"К",1041,1
"К",1052,1
"К",1055,2
"К",1064,2
"К",1072,1
"К",1073,1
"К",1079,1
"К",1165,1
"К",1178,1
"К",1296,2
"К",1385,1
"К",1425,1
"К",1680,1
"К",1959,1
"К",1969,1
"К",2136,1
"К",2816,1
"К",2857,1
"Л",0,24748
"Л",5,14
"Л",7,13
"Л",8,8
"Л",11,1
"Л",12,2
"Л",14,7
"Л",16,5
"Л",19,7
"Л",20,12
"Л",22,7
"Л",24,2
"Л",25,1
"Л",26,1
"Л",30,5
"Л",42,357
"Л",44,1275
"Л",45,282
"Л",47,11
"Л",49,165
"Л",50,55
"Л",51,465
"Л",52,5
"Л",53,53
"Л",54,5
"Л",55,155
"Л",56,109
"Л",58,20
"Л",59,117
"Л",60,14
"Л",61,1
"Л",63,42
"Л",64,6
"Л",65,36
"Л",66,2
"Л",67,24
"Л",69,4
"Л",71,3
"Л",73,1
"Л",74,1
"Л",76,1
"Л",77,2
"Л",81,1
"Л",83,2
"Л",84,1
"Л",86,2
"Л",87,1
"Л",90,1
"Л",92,4
"Л",93,2
"Л",95,1
"Л",97,1
"Л",98,3
"Л",99,4
"Л",101,1
"Л",102,1
"Л",103,3
"Л",105,2
"Л",106,2
"Л",107,5
"Л",108,9
"Л",109,8
"Л",110,9
"Л",111,3
"Л",112,3
"Л",113,3
"Л",114,1
"Л",115,4
"Л",116,4
"Л",117,4
"Л",118,7
"Л",119,4
"Л",120,7
"Л",121,4
"Л",122,4
"Л",123,10
"Л",124,4
"Л",125,9
"Л",126,7
"Л",127,6
"Л",128,13
"Л",129,12
"Л",130,14
"Л",131,7
"Л",132,14
"Л",133,6
"Л",134,7
"Л",135,9
"Л",136,8
"Л",137,11
"Л",138,12
"Л",139,8
"Л",140,11
"Л",141,30
"Л",142,25
"Л",143,8
"Л",144,9
"Л",145,16
"Л",146,22
"Л",147,22
"Л",148,21
"Л",149,21
"Л",150,12
"Л",151,16
"Л",152,15
"Л",153,24
"Л",154,17
"Л",155,14
"Л",156,21
"Л",157,28
"Л",158,14
"Л",159,19
"Л",160,44
"Л",161,22
"Л",162,35
"Л",163,20
"Л",164,14
"Л",165,21
"Л",166,19
"Л",167,30
"Л",168,25
"Л",169,18
"Л",170,48
"Л",171,26
"Л",172,25
"Л",173,41
"Л",174,25
"Л",175,48
"Л",176,38
"Л",177,37
"Л",178,37
"Л",179,70
"Л",180,34
"Л",181,21
"Л",182,34
"Л",183,35
"Л",184,64
"Л",185,58
"Л",186,39
"Л",187,52
"Л",188,36
"Л",189,54
"Л",190,37
"Л",191,43
"Л",192,37
"Л",193,75
"Л",194,73
"Л",195,45
"Л",196,59
"Л",197,52
"Л",198,51
"Л",199,56
"Л",200,47
"Л",201,72
"Л",202,83
"Л",203,57
"Л",204,90
"Л",205,83
"Л",206,111
"Л",207,99
"Л",208,30
"Л",209,56
"Л",210,46
"Л",211,45
"Л",212,46
"Л",213,70
"Л",214,173
"Л",215,71
"Л",216,79
"Л",217,99
"Л",218,95
"Л",219,79
"Л",220,90
"Л",221,55
"Л",222,116
"Л",223,102
"Л",224,136
"Л",225,71
"Л",226,114
"Л",227,136
"Л",228,92
"Л",229,95
"Л",230,77
"Л",231,91
"Л",232,137
"Л",233,125
"Л",234,210
"Л",235,130
"Л",236,108
"Л",237,210
"Л",238,104
"Л",239,91
"Л",240,168
"Л",241,155
"Л",242,105
"Л",243,149
"Л",244,117
"Л",245,172
"Л",246,186
"Л",247,180
"Л",248,204
"Л",249,136
"Л",250,262
"Л",251,194
"Л",252,184
"Л",253,152
"Л",254,118
"Л",255,173
"Л",256,167
"Л",257,240
"Л",258,185
"Л",259,320
"Л",260,204
"Л",261,279
"Л",262,130
"Л",263,152
"Л",264,192
"Л",265,204
"Л",266,184
"Л",267,311
"Л",268,155
"Л",269,356
"Л",270,203
"Л",271,232
"Л",272,260
"Л",273,211
"Л",274,270
"Л",275,187
"Л",276,169
"Л",277,322
"Л",278,226
"Л",279,247
"Л",280,358
"Л",281,259
"Л",282,428
"Л",283,165
"Л",284,312
"Л",285,236
"Л",286,201
"Л",287,210
"Л",288,277
"Л",289,235
"Л",290,407
"Л",291,745
"Л",292,439
"Л",293,315
"Л",294,570
"Л",295,406
"Л",296,220
"Л",297,405
"Л",298,215
"Л",299,522
"Л",300,294
"Л",301,530
"Л",302,485
"Л",303,379
"Л",304,412
"Л",305,358
"Л",306,298
"Л",307,307
"Л",308,333
"Л",309,500
"Л",310,520
"Л",311,477
"Л",312,497
"Л",313,473
"Л",314,319
"Л",315,342
"Л",316,634
"Л",317,370
"Л",318,642
"Л",319,625
"Л",320,442
"Л",321,429
"Л",322,343
"Л",323,926
"Л",324,464
"Л",325,350
"Л",326,905
"Л",327,575
"Л",328,513
"Л",329,661
"Л",330,375
"Л",331,862
"Л",332,897
"Л",333,385
"Л",334,684
"Л",335,484
"Л",336,428
"Л",337,575
"Л",338,571
"Л",339,589
"Л",340,720
"Л",341,457
"Л",342,557
"Л",343,726
"Л",344,545
"Л",345,617
"Л",346,749
"Л",347,537
"Л",348,637
"Л",349,673
"Л",350,445
"Л",351,568
"Л",352,935
"Л",353,505
"Л",354,625
"Л",355,985
"Л",356,1070
"Л",357,576
"Л",358,631
"Л",359,647
"Л",360,669
"Л",361,795
"Л",362,794
"Л",363,1533
"Л",364,619
"Л",365,666
"Л",366,484
"Л",367,597
"Л",368,601
"Л",369,862
"Л",370,625
"Л",371,879
"Л",372,848
"Л",373,854
"Л",374,763
"Л",375,944
"Л",376,607
"Л",377,801
"Л",378,1144
"Л",379,633
"Л",380,739
"Л",381,1442
"Л",382,640
"Л",383,549
"Л",384,1105
"Л",385,842
"Л",386,1285
"Л",387,1169
"Л",388,896
"Л",389,958
"Л",390,707
"Л",391,858
"Л",392,578
"Л",393,1627
"Л",394,1024
"Л",395,1636
"Л",396,940
"Л",397,1380
"Л",398,497
"Л",399,839
"Л",400,948
"Л",401,1114
"Л",402,990
"Л",403,1163
"Л",404,946
"Л",405,494
"Л",406,925
"Л",407,1013
"Л",408,1257
"Л",409,949
"Л",410,1242
"Л",411,715
"Л",412,706
"Л",413,1473
"Л",414,827
"Л",415,809
"Л",416,1341
"Л",417,1259
"Л",418,908
"Л",419,1112
"Л",420,1117
"Л",421,1611
"Л",422,898
"Л",423,1088
"Л",424,1006
"Л",425,1275
"Л",426,671
"Л",427,1525
"Л",428,1359
"Л",429,1244
"Л",430,830
"Л",431,2051
"Л",432,1106
"Л",433,970
"Л",434,847
"Л",435,1492
"Л",436,1240
"Л",437,1145
"Л",438,1195
"Л",439,1560
"Л",440,976
"Л",441,883
"Л",442,1515
"Л",443,743
"Л",444,1141
"Л",445,1022
"Л",446,1427
"Л",447,1127
"Л",448,753
"Л",449,708
"Л",450,997
"Л",451,637
"Л",452,1136
"Л",453,1461
"Л",454,1642
"Л",455,1406
"Л",456,853
"Л",457,1405
"Л",458,820
"Л",459,1006
"Л",460,827
"Л",461,1766
"Л",462,1296
"Л",463,1515
"Л",464,724
"Л",465,1508
"Л",466,788
"Л",467,988
"Л",468,1012
"Л",469,2595
"Л",470,883
"Л",471,957
"Л",472,924
"Л",473,1536
"Л",474,768
"Л",475,1168
"Л",476,1304
"Л",477,1274
"Л",478,1058
"Л",479,1219
"Л",480,1037
"Л",481,1233
"Л",482,816
"Л",483,901
"Л",484,624
"Л",485,1298
"Л",486,1416
"Л",487,728
"Л",488,1307
"Л",489,1358
"Л",490,1107
"Л",491,842
"Л",492,923
"Л",493,1275
"Л",494,2562
"Л",495,655
"Л",496,1465
"Л",497,1362
"Л",498,1595
"Л",499,1471
"Л",500,1128
"Л",501,1376
"Л",502,1591
"Л",503,1138
"Л",504,1414
"Л",505,970
"Л",506,1442
"Л",507,1791
"Л",508,1011
"Л",509,1257
"Л",510,968
"Л",511,1340
"Л",512,1209
"Л",513,1057
"Л",514,1094
"Л",515,2593
"Л",516,905
"Л",517,1131
"Л",518,1138
"Л",519,1609
"Л",520,1078
"Л",521,1183
"Л",522,1340
"Л",523,1610
"Л",524,1022
"Л",525,959
"Л",526,1100
"Л",527,1055
"Л",528,784
"Л",529,813
"Л",530,1855
"Л",531,841
"Л",532,1381
"Л",533,1623
"Л",534,832
"Л",535,1051
"Л",536,863
"Л",537,1130
"Л",538,1946
"Л",539,1428
"Л",540,1276
"Л",541,1390
"Л",542,1296
"Л",543,1580
"Л",544,1057
"Л",545,1578
"Л",546,1652
"Л",547,1685
"Л",548,1340
"Л",549,1548
"Л",550,1298
"Л",551,1494
"Л",552,1063
"Л",553,1152
"Л",554,1000
"Л",555,2344
"Л",556,1532
"Л",557,1132
"Л",558,1069
"Л",559,929
"Л",560,1386
"Л",561,1148
"Л",562,1696
"Л",563,1131
"Л",564,1391
"Л",565,1552
"Л",566,856
"Л",567,2074
"Л",568,1600
"Л",569,966
"Л",570,1687
"Л",571,1461
"Л",572,875
"Л",573,957
"Л",574,1024
"Л",575,1707
"Л",576,724
"Л",577,1073
"Л",578,1002
"Л",579,1157
"Л",580,1251
"Л",581,1402
"Л",582,1823
"Л",583,1042
"Л",584,874
"Л",585,1108
"Л",586,989
"Л",587,1940
"Л",588,1357
"Л",589,1222
"Л",590,1346
"Л",591,1027
"Л",592,2037
"Л",593,1213
"Л",594,2118
"Л",595,1754
"Л",596,1445
"Л",597,2058
"Л",598,1160
"Л",599,971
"Л",600,1733
"Л",601,1390
"Л",602,1637
"Л",603,1502
"Л",604,1418
"Л",605,1479
"Л",606,1203
"Л",607,1145
"Л",608,1149
"Л",609,1253
"Л",610,1343
"Л",611,2091
"Л",612,810
"Л",613,883
"Л",614,864
"Л",615,1133
"Л",616,864
"Л",617,668
"Л",618,1175
"Л",619,2379
"Л",620,689
"Л",621,1472
"Л",622,1165
"Л",623,1328
"Л",624,1149
"Л",625,826
"Л",626,1110
"Л",627,1688
"Л",628,1603
"Л",629,1043
"Л",630,584
"Л",631,1304
"Л",632,916
"Л",633,786
"Л",634,1464
"Л",635,839
"Л",636,1172
"Л",637,1081
"Л",638,1085
"Л",639,1801
"Л",640,1320
"Л",641,932
"Л",642,699
"Л",643,986
"Л",644,1334
"Л",645,944
"Л",646,1382
"Л",647,1222
"Л",648,1050
"Л",649,1145
"Л",650,1719
"Л",651,1030
"Л",652,911
"Л",653,791
"Л",654,1260
"Л",655,1334
"Л",656,1574
"Л",657,1055
"Л",658,976
"Л",659,770
"Л",660,828
"Л",661,772
"Л",662,730
"Л",663,876
"Л",664,827
"Л",665,668
"Л",666,711
"Л",667,647
"Л",668,599
"Л",669,672
"Л",670,1170
"Л",671,556
"Л",672,705
"Л",673,1663
"Л",674,667
"Л",675,620
"Л",676,875
"Л",677,832
"Л",678,632
"Л",679,1060
"Л",680,1075
"Л",681,969
"Л",682,571
"Л",683,620
"Л",684,994
"Л",685,937
"Л",686,1600
"Л",687,878
"Л",688,841
"Л",689,986
"Л",690,521
"Л",691,793
"Л",692,583
"Л",693,423
"Л",694,1711
"Л",695,521
"Л",696,625
"Л",697,1072
"Л",698,874
"Л",699,598
"Л",700,562
"Л",701,612
"Л",702,1113
"Л",703,654
"Л",704,797
"Л",705,466
"Л",706,865
"Л",707,452
"Л",708,648
"Л",709,603
"Л",710,488
"Л",711,935
"Л",712,348
"Л",713,767
"Л",714,505
"Л",715,702
"Л",716,560
"Л",717,661
"Л",718,382
"Л",719,653
"Л",720,401
"Л",721,472
"Л",722,493
"Л",723,665
"Л",724,336
"Л",725,670
"Л",726,532
"Л",727,347
"Л",728,445
"Л",729,358
"Л",730,667
"Л",731,505
"Л",732,344
"Л",733,886
"Л",734,315
"Л",735,328
"Л",736,1101
"Л",737,620
"Л",738,389
"Л",739,549
"Л",740,463
"Л",741,440
"Л",742,314
"Л",743,637
"Л",744,651
"Л",745,490
"Л",746,442
"Л",747,248
"Л",748,244
"Л",749,406
"Л",750,811
"Л",751,620
"Л",752,484
"Л",753,349
"Л",754,350
"Л",755,275
"Л",756,1069
"Л",757,908
"Л",758,409
"Л",759,308
"Л",760,568
"Л",761,314
"Л",762,262
"Л",763,484
"Л",764,850
"Л",765,310
"Л",766,347
"Л",767,161
"Л",768,486
"Л",769,441
"Л",770,379
"Л",771,316
"Л",772,355
"Л",773,204
"Л",774,145
"Л",775,201
"Л",776,538
"Л",777,139
"Л",778,228
"Л",779,115
"Л",780,178
"Л",781,357
"Л",782,159
"Л",783,514
"Л",784,146
"Л",785,800
"Л",786,166
"Л",787,210
"Л",788,159
"Л",789,450
"Л",790,266
"Л",791,237
"Л",792,116
"Л",793,390
"Л",794,946
"Л",795,182
"Л",796,335
"Л",797,269
"Л",798,513
"Л",799,241
"Л",800,439
"Л",801,494
"Л",802,285
"Л",803,174
"Л",804,372
"Л",805,480
"Л",806,230
"Л",807,137
"Л",808,554
"Л",809,306
"Л",810,487
"Л",811,162
"Л",812,202
"Л",813,541
"Л",814,394
"Л",815,452
"Л",816,465
"Л",817,521
"Л",818,249
"Л",819,212
"Л",820,186
"Л",821,696
"Л",822,218
"Л",823,178
"Л",824,390
"Л",825,226
"Л",826,760
"Л",827,688
"Л",828,340
"Л",829,232
"Л",830,477
"Л",831,206
"Л",832,171
"Л",833,206
"Л",834,677
"Л",835,186
"Л",836,157
"Л",837,438
"Л",838,529
"Л",839,187
"Л",840,181
"Л",841,657
"Л",842,277
"Л",843,408
"Л",844,146
"Л",845,358
"Л",846,247
"Л",847,164
"Л",848,64
"Л",849,241
"Л",850,266
"Л",851,163
"Л",852,61
"Л",853,66
"Л",854,318
"Л",855,99
"Л",856,214
"Л",857,43
"Л",858,491
"Л",859,363
"Л",860,113
"Л",861,69
"Л",862,95
"Л",863,150
"Л",864,89
"Л",865,91
"Л",866,375
"Л",867,193
"Л",868,137
"Л",869,118
"Л",870,94
"Л",871,90
"Л",872,242
"Л",873,80
"Л",874,448
"Л",875,123
"Л",876,708
"Л",877,20
"Л",878,37
"Л",879,353
"Л",880,271
"Л",881,387
"Л",882,167
"Л",883,160
"Л",884,808
"Л",885,30
"Л",886,43
"Л",887,462
"Л",888,182
"Л",889,146
"Л",890,237
"Л",891,64
"Л",892,908
"Л",893,261
"Л",894,66
"Л",895,43
"Л",896,335
"Л",897,202
"Л",898,40
"Л",899,82
"Л",900,419
"Л",901,201
"Л",902,188
"Л",903,7
"Л",904,372
"Л",905,105
"Л",906,261
"Л",907,57
"Л",908,230
"Л",909,177
"Л",910,134
"Л",911,33
"Л",912,144
"Л",913,77
"Л",914,130
"Л",915,359
"Л",916,75
"Л",917,53
"Л",918,133
"Л",919,65
"Л",920,114
"Л",921,105
"Л",922,159
"Л",923,79
"Л",924,1040
"Л",925,116
"Л",926,47
"Л",927,79
"Л",928,543
"Л",929,279
"Л",930,234
"Л",931,122
"Л",932,409
"Л",933,68
"Л",934,33
"Л",935,51
"Л",936,126
"Л",937,172
"Л",938,58
"Л",939,59
"Л",940,28
"Л",941,296
"Л",942,56
"Л",943,51
"Л",944,192
"Л",945,254
"Л",946,69
"Л",947,86
"Л",948,116
"Л",949,201
"Л",950,80
"Л",951,54
"Л",952,58
"Л",953,102
"Л",954,106
"Л",955,10
"Л",956,84
"Л",957,306
"Л",958,494
"Л",959,18
"Л",960,135
"Л",961,63
"Л",962,368
"Л",963,70
"Л",964,50
"Л",965,162
"Л",966,359
"Л",967,260
"Л",968,134
"Л",969,64
"Л",970,251
"Л",971,170
"Л",972,244
"Л",973,29
"Л",974,261
"Л",975,148
"Л",976,120
"Л",977,24
"Л",978,120
"Л",979,131
"Л",980,90
"Л",981,72
"Л",982,51
"Л",983,226
"Л",984,29
"Л",985,138
"Л",986,71
"Л",987,57
"Л",988,32
"Л",989,73
"Л",990,24
"Л",991,91
"Л",992,121
"Л",993,51
"Л",994,20
"Л",995,108
"Л",996,16
"Л",997,17
"Л",998,4
"Л",999,59
"Л",1000,10
"Л",1001,84
"Л",1002,187
"Л",1003,2
"Л",1004,31
"Л",1005,85
"Л",1006,36
"Л",1007,33
"Л",1008,19
"Л",1009,65
"Л",1010,55
"Л",1011,638
"Л",1012,2
"Л",1013,8
"Л",1014,60
"Л",1015,331
"Л",1016,26
"Л",1017,333
"Л",1018,5
"Л",1019,304
"Л",1020,12
"Л",1021,3
"Л",1022,31
"Л",1023,82
"Л",1024,95
"Л",1025,135
"Л",1026,10
"Л",1027,131
"Л",1028,48
"Л",1029,3
"Л",1030,32
"Л",1031,33
"Л",1032,302
"Л",1033,3
"Л",1034,43
"Л",1035,66
"Л",1036,64
"Л",1037,15
"Л",1038,17
"Л",1039,13
"Л",1040,89
"Л",1041,2
"Л",1042,25
"Л",1043,31
"Л",1044,104
"Л",1045,39
"Л",1046,1
"Л",1047,83
"Л",1048,39
"Л",1049,46
"Л",1050,11
"Л",1051,26
"Л",1052,262
"Л",1053,43
"Л",1054,1
"Л",1055,96
"Л",1056,22
"Л",1057,62
"Л",1058,5
"Л",1059,18
"Л",1061,28
"Л",1062,14
"Л",1063,160
"Л",1064,13
"Л",1065,16
"Л",1066,6
"Л",1067,3
"Л",1068,24
"Л",1069,3
"Л",1070,12
"Л",1072,6
"Л",1073,6
"Л",1074,2
"Л",1075,2
"Л",1076,13
"Л",1077,2
"Л",1079,2
"Л",1081,6
"Л",1083,19
"Л",1085,2
"Л",1086,3
"Л",1087,2
"Л",1088,2
"Л",1089,1
"Л",1091,2
"Л",1093,5
"Л",1094,4
"Л",1095,1
"Л",1096,8
"Л",1097,2
"Л",1100,3
"Л",1101,1
"Л",1102,1
"Л",1104,2
"Л",1106,1
"Л",1107,1
"Л",1110,1
"Л",1112,2
"Л",1114,3
"Л",1115,4
"Л",1117,2
"Л",1118,8
"Л",1120,6
"Л",1121,10
"Л",1123,6
"Л",1125,2
"Л",1128,5
"Л",1131,1
"Л",1132,6
"Л",1133,3
"Л",1136,2
"Л",1139,1
"Л",1141,2
"Л",1142,1
"Л",1144,8
"Л",1148,9
"Л",1149,2
"Л",1150,1
"Л",1152,1
"Л",1157,3
"Л",1160,1
"Л",1168,2
"Л",1169,4
"Л",1179,4
"Л",1185,1
"Л",1187,1
"Л",1189,2
"Л",1199,1
"Л",1220,1
"Л",1298,1
"Л",1304,1
"Л",1310,1
"Л",1319,2
"Л",1325,1
"Л",1331,2
"Л",1348,2
"Л",1356,1
"Л",1381,1
"Л",1407,1
"Л",1472,2
"Л",1515,1
"Л",1520,4
"Л",1718,1
"Л",1736,1
"Л",1826,2
"Л",1846,1
"Л",1961,1
"Л",2001,2
"Л",2081,1
"Л",4179,1
"Л",7825,1
"М",0,36
"М",18,3
"М",19,4
"М",20,7
"М",21,3
"М",22,12
"М",24,3
"М",25,16
"М",26,4
"М",27,5
"М",28,3
"М",29,15
"М",30,2
"М",32,4
"М",33,2
"М",34,7
"М",43,4
"М",44,6
"М",46,10
"М",47,20
"М",48,3
"М",49,30
"М",50,24
"М",51,19
"М",52,5
"М",53,42
"М",54,69
"М",55,10
"М",56,38
"М",57,8
"М",58,103
"М",59,16
"М",60,25
"М",61,57
"М",62,66
"М",63,26
"М",64,53
"М",65,43
"М",66,35
"М",67,52
"М",68,23
"М",69,57
"М",70,23
"М",71,31
"М",72,38
"М",73,46
"М",74,66
"М",75,16
"М",76,82
"М",77,25
"М",78,14
"М",79,25
"М",80,58
"М",81,40
"М",82,28
"М",83,53
"М",84,28
"М",85,24
"М",86,29
"М",87,48
"М",88,73
"М",89,37
"М",90,22
"М",91,60
"М",92,46
"М",93,69
"М",94,34
"М",95,33
"М",96,70
"М",97,48
"М",98,98
"М",99,55
"М",100,37
"М",101,60
"М",102,88
"М",103,49
"М",104,74
"М",105,46
"М",106,48
"М",107,102
"М",108,86
"М",109,141
"М",110,111
"М",111,42
"М",112,159
"М",113,92
"М",114,101
"М",115,101
"М",116,86
"М",117,89
"М",118,62
"М",119,125
"М",120,87
"М",121,78
"М",122,79
"М",123,137
"М",124,78
"М",125,109
"М",126,129
"М",127,74
"М",128,62
"М",129,91
"М",130,155
"М",131,50
"М",132,46
"М",133,52
"М",134,52
"М",135,67
"М",136,48
"М",137,80
"М",138,61
"М",139,102
"М",140,53
"М",141,75
"М",142,141
"М",143,106
"М",144,95
"М",145,85
"М",146,106
"М",147,87
"М",148,58
"М",149,113
"М",150,44
"М",151,60
"М",152,69
"М",153,155
"М",154,123
"М",155,71
"М",156,113
"М",157,114
"М",158,146
"М",159,88
"М",160,150
"М",161,94
"М",162,165
"М",163,45
"М",164,58
"М",165,154
"М",166,106
"М",167,148
"М",168,251
"М",169,83
"М",170,117
"М",171,94
"М",172,304
"М",173,146
"М",174,159
"М",175,171
"М",176,113
"М",177,334
"М",178,139
"М",179,247
"М",180,141
"М",181,73
"М",182,279
"М",183,387
"М",184,225
"М",185,154
"М",186,242
"М",187,208
"М",188,140
"М",189,335
"М",190,74
"М",191,50
"М",192,213
"М",193,161
"М",194,207
"М",195,154
"М",196,143
"М",197,78
"М",198,72
"М",199,125
"М",200,256
"М",201,88
"М",202,128
"М",203,91
"М",204,60
"М",205,88
"М",206,57
"М",207,100
"М",208,59
"М",209,55
"М",210,43
"М",211,85
"М",212,60
"М",213,40
"М",214,67
"М",215,35
"М",216,47
"М",217,44
"М",218,26
"М",219,54
"М",220,45
"М",221,38
"М",222,55
"М",223,30
"М",224,23
"М",225,31
"М",226,22
"М",227,29
"М",228,23
"М",229,27
"М",230,39
"М",231,31
"М",232,35
"М",233,27
"М",234,7
"М",235,21
"М",236,58
"М",237,6
"М",238,16
"М",239,30
"М",240,39
"М",241,19
"М",242,39
"М",243,20
"М",244,41
"М",245,13
"М",246,16
"М",247,27
"М",248,35
"М",249,41
"М",250,20
"М",251,13
"М",252,10
"М",253,11
"М",254,28
"М",255,34
"М",256,15
"М",257,8
"М",258,11
"М",259,25
"М",260,20
"М",261,32
"М",262,24
"М",263,5
"М",264,7
"М",265,22
"М",266,27
"М",267,8
"М",268,6
"М",269,7
"М",270,7
"М",271,16
"М",272,17
"М",273,25
"М",274,17
"М",275,12
"М",276,6
"М",277,3
"М",278,1
"М",279,7
"М",280,6
"М",281,25
"М",282,4
"М",283,24
"М",284,7
"М",285,12
"М",286,3
"М",287,7
"М",288,18
"М",289,4
"М",290,8
"М",291,2
"М",292,5
"М",293,7
"М",294,11
"М",295,3
"М",296,14
"М",297,11
"М",298,7
"М",300,6
"М",301,4
"М",302,2
"М",303,7
"М",304,2
"М",305,6
"М",306,21
"М",307,8
"М",308,5
"М",309,7
"М",310,7
"М",311,1
"М",312,1
"М",313,8
"М",314,3
"М",315,12
"М",317,4
"М",318,8
"М",319,4
"М",320,3
"М",321,6
"М",323,9
"М",324,5
"М",325,1
"М",326,1
"М",327,3
"М",328,9
"М",329,6
"М",331,1
"М",332,6
"М",333,1
"М",334,2
"М",335,8
"М",336,2
"М",343,1
"М",344,2
"М",347,3
"М",348,1
"М",349,3
"М",350,2
"М",351,1
"М",355,3
"М",356,2
"М",357,2
"М",359,1
"М",370,1
"М",372,8
"М",386,1
"М",464,1
"М",465,1
"М",505,1
"М",571,1
"О",0,3807
"О",2,1
"О",3,325
"О",4,6066
"О",5,16675
"О",6,26714
"О",7,31769
"О",8,27594
"О",9,36219
"О",10,45985
"О",11,52953
"О",12,58243
"О",13,56483
"О",14,63320
"О",15,53211
"О",16,43459
"О",17,30516
"О",18,28115
"О",19,23045
"О",20,23881
"О",21,12614
"О",22,15319
"О",23,8809
"О",24,9765
"О",25,7576
"О",26,7793
"О",27,4569
"О",28,3180
"О",29,3068
"О",30,2197
"О",31,959
"О",32,758
"О",33,1030
"О",34,283
"О",35,313
"О",36,117
"О",37,194
"О",38,148
"О",39,134
"О",40,158
"О",41,87
"О",42,153
"О",43,761
"О",44,345
"О",45,842
"О",46,323
"О",47,448
"О",48,145
"О",49,534
"О",50,390
"О",51,421
"О",52,212
"О",53,102
"О",54,325
"О",55,234
"О",56,101
"О",57,64
"О",58,176
"О",59,38
"О",60,151
"О",61,8
"О",62,41
"О",63,9
"О",64,16
"О",65,11
"О",66,60
"О",67,1
"О",68,4
"О",69,4
"О",70,4
"О",71,10
"О",73,4
"О",74,6
"О",75,9
"О",76,4
"О",77,2
"О",78,1
"О",80,1
"О",92,3
"О",93,1
"О",101,1
"О",113,1
"О",120,3
"О",127,3
"О",133,1
"О",143,1
"О",157,1
"О",162,2
"П",-25,1
"П",0,48214
"П",1,43
"П",2,772
"П",3,2788
"П",4,4619
"П",5,4346
"П",6,2713
"П",7,4670
"П",8,11774
"П",9,28057
"П",10,50936
"П",11,74195
"П",12,107816
"П",13,136019
"П",14,147806
"П",15,140167
"П",16,119967
"П",17,130915
"П",18,120170
"П",19,122555
"П",20,142480
"П",21,126588
"П",22,148605
"П",23,162743
"П",24,171611
"П",25,216283
"П",26,205849
"П",27,207565
"П",28,199280
"П",29,227945
"П",30,129424
"П",31,73406
"П",32,75846
"П",33,106418
"П",34,92063
"П",35,26834
"П",36,23617
"П",37,24225
"П",38,31075
"П",39,24055
"П",40,32682
"П",41,37162
"П",42,43726
"П",43,184741
"П",44,130361
"П",45,141063
"П",46,153554
"П",47,111779
"П",48,174537
"П",49,105674
"П",50,168829
"П",51,141437
"П",52,244261
"П",53,108617
"П",54,155099
"П",55,131588
"П",56,196658
"П",57,80968
"П",58,110253
"П",59,112376
"П",60,146910
"П",61,76603
"П",62,77844
"П",63,71330
"П",64,98149
"П",65,70754
"П",66,62901
"П",67,66771
"П",68,82622
"П",69,105007
"П",70,96137
"П",71,97826
"П",72,91349
"П",73,92024
"П",74,111063
"П",75,107579
"П",76,120896
"П",77,130918
"П",78,148375
"П",79,114667
"П",80,130243
"П",81,149864
"П",82,144109
"П",83,128970
"П",84,136966
"П",85,150436
"П",86,149728
"П",87,141683
"П",88,147715
"П",89,177187
"П",90,142421
"П",91,154165
"П",92,148465
"П",93,161167
"П",94,157204
"П",95,170572
"П",96,156403
"П",97,184982
"П",98,153121
"П",99,176265
"П",100,162901
"П",101,170700
"П",102,152994
"П",103,189566
"П",104,160907
"П",105,175279
"П",106,151020
"П",107,187225
"П",108,171182
"П",109,167848
"П",110,162884
"П",111,178612
"П",112,144978
"П",113,181062
"П",114,172848
"П",115,148506
"П",116,169638
"П",117,155407
"П",118,175035
"П",119,140172
"П",120,137320
"П",121,152018
"П",122,152636
"П",123,165481
"П",124,157035
"П",125,138364
"П",126,143080
"П",127,122662
"П",128,130306
"П",129,138265
"П",130,139106
"П",131,142463
"П",132,137179
"П",133,139959
"П",134,112101
"П",135,110899
"П",136,123928
"П",137,115516
"П",138,98904
"П",139,123256
"П",140,117952
"П",141,125089
"П",142,92249
"П",143,92810
"П",144,88598
"П",145,96109
"П",146,93774
"П",147,99935
"П",148,77197
"П",149,79959
"П",150,81440
"П",151,68942
"П",152,64904
"П",153,62740
"П",154,76586
"П",155,67848
"П",156,55304
"П",157,60474
"П",158,67807
"П",159,44530
"П",160,48037
"П",161,39677
"П",162,49016
"П",163,49580
"П",164,52306
"П",165,44227
"П",166,29235
"П",167,33947
"П",168,33985
"П",169,29581
"П",170,30694
"П",171,34723
"П",172,30847
"П",173,24176
"П",174,22989
"П",175,21247
"П",176,21622
"П",177,26093
"П",178,19742
"П",179,19842
"П",180,23891
"П",181,15247
"П",182,16093
"П",183,15100
"П",184,13052
"П",185,16950
"П",186,14042
"П",187,14785
"П",188,11021
"П",189,11044
"П",190,10786
"П",191,11802
"П",192,15471
"П",193,15935
"П",194,9427
"П",195,9441
"П",196,5987
"П",197,5498
"П",198,5736
"П",199,5607
"П",200,9421
"П",201,12452
"П",202,6821
"П",203,4544
"П",204,9768
"П",205,5238
"П",206,4016
"П",207,2579
"П",208,4145
"П",209,7412
"П",210,5319
"П",211,4335
"П",212,4668
"П",213,2873
"П",214,7025
"П",215,2285
"П",216,4784
"П",217,2467
"П",218,3841
"П",219,5999
"П",220,2435
"П",221,6163
"П",222,2125
"П",223,2619
"П",224,3117
"П",225,2091
"П",226,2565
"П",227,3289
"П",228,2782
"П",229,1663
"П",230,2061
"П",231,1741
"П",232,1935
"П",233,4886
"П",234,5133
"П",235,1308
"П",236,1493
"П",237,4003
"П",238,1502
"П",239,1612
"П",240,1651
"П",241,3876
"П",242,782
"П",243,2080
"П",244,1238
"П",245,1176
"П",246,1144
"П",247,971
"П",248,913
"П",249,674
"П",250,898
"П",251,832
"П",252,1037
"П",253,4725
"П",254,809
"П",255,444
"П",256,341
"П",257,652
"П",258,464
"П",259,495
"П",260,1633
"П",261,1784
"П",262,268
"П",263,426
"П",264,246
"П",265,430
"П",266,588
"П",267,356
"П",268,594
"П",269,725
"П",270,445
"П",271,631
"П",272,347
"П",273,652
"П",274,756
"П",275,197
"П",276,608
"П",277,384
"П",278,249
"П",279,393
"П",280,438
"П",281,281
"П",282,251
"П",283,113
"П",284,202
"П",285,225
"П",286,163
"П",287,182
"П",288,194
"П",289,241
"П",290,95
"П",291,205
"П",292,332
"П",293,134
"П",294,83
"П",295,96
"П",296,74
"П",297,97
"П",298,55
"П",299,125
"П",300,194
"П",301,130
"П",302,71
"П",303,171
"П",304,81
"П",305,164
"П",306,102
"П",307,232
"П",308,236
"П",309,113
"П",310,180
"П",311,170
"П",312,184
"П",313,94
"П",314,104
"П",315,152
"П",316,104
"П",317,90
"П",318,35
"П",319,44
"П",320,36
"П",321,48
"П",322,40
"П",323,48
"П",324,24
"П",325,38
"П",326,56
"П",327,61
"П",328,49
"П",329,15
"П",330,31
"П",331,35
"П",332,28
"П",333,42
"П",334,31
"П",335,90
"П",336,67
"П",337,45
"П",338,34
"П",339,34
"П",340,87
"П",341,50
"П",342,50
"П",343,54
"П",344,28
"П",345,58
"П",346,31
"П",347,38
"П",348,18
"П",349,40
"П",350,40
"П",351,42
"П",352,22
"П",353,19
"П",354,14
"П",355,21
"П",356,23
"П",357,25
"П",358,28
"П",359,15
"П",360,27
"П",361,30
"П",362,20
"П",363,50
"П",364,26
"П",365,42
"П",366,57
"П",367,24
"П",368,23
"П",369,32
"П",370,51
"П",371,18
"П",372,10
"П",373,22
"П",374,19
"П",375,2
"П",376,14
"П",377,17
"П",378,17
"П",379,4
"П",380,19
"П",381,8
"П",382,19
"П",383,15
"П",384,9
"П",385,22
"П",386,18
"П",387,12
"П",388,11
"П",389,13
"П",390,16
"П",391,9
"П",392,19
"П",393,7
"П",394,10
"П",395,23
"П",396,24
"П",397,34
"П",398,72
"П",399,31
"П",400,141
"П",401,78
"П",402,36
"П",403,39
"П",404,21
"П",405,56
"П",406,47
"П",407,137
"П",408,111
"П",409,11
"П",410,11
"П",411,9
"П",412,63
"П",413,28
"П",414,14
"П",415,15
"П",416,9
"П",417,6
"П",418,31
"П",419,13
"П",420,19
"П",421,66
"П",422,53
"П",423,57
"П",424,14
"П",425,16
"П",426,11
"П",427,14
"П",428,16
"П",429,6
"П",430,5
"П",431,9
"П",432,5
"П",433,27
"П",434,3
"П",435,15
"П",436,13
"П",437,4
"П",438,7
"П",439,8
"П",440,9
"П",441,26
"П",442,2
"П",443,26
"П",444,4
"П",445,4
"П",446,11
"П",447,11
"П",448,1
"П",449,4
"П",451,3
"П",452,4
"П",453,10
"П",454,7
"П",455,10
"П",456,38
"П",457,13
"П",458,29
"П",459,44
"П",460,52
"П",461,27
"П",462,63
"П",463,87
"П",464,24
"П",465,51
"П",466,51
"П",467,21
"П",468,45
"П",469,11
"П",470,20
"П",471,60
"П",472,22
"П",473,39
"П",474,12
"П",475,26
"П",476,66
"П",477,14
"П",478,34
"П",479,26
"П",480,12
"П",481,9
"П",482,10
"П",483,4
"П",485,3
"П",486,7
"П",487,11
"П",488,8
"П",489,8
"П",490,4
"П",491,11
"П",492,12
"П",493,6
"П",494,4
"П",495,4
"П",496,13
"П",497,17
"П",498,13
"П",499,15
"П",500,11
"П",501,25
"П",502,15
"П",503,7
"П",504,12
"П",505,18
"П",506,4
"П",507,11
"П",508,5
"П",509,10
"П",510,26
"П",511,7
"П",512,4
"П",513,2
"П",514,2
"П",515,8
"П",516,3
"П",517,19
"П",518,1
"П",519,13
"П",521,4
"П",523,6
"П",524,11
"П",525,14
"П",526,8
"П",527,19
"П",528,7
"П",529,2
"П",530,21
"П",531,25
"П",532,6
"П",534,22
"П",535,36
"П",536,5
"П",537,7
"П",538,42
"П",539,4
"П",540,14
"П",541,42
"П",542,6
"П",543,5
"П",544,6
"П",545,25
"П",547,33
"П",548,3
"П",549,1
"П",550,2
"П",551,38
"П",552,1
"П",553,16
"П",554,17
"П",558,5
"П",560,10
"П",562,1
"П",563,5
"П",564,1
"П",565,3
"П",566,1
"П",567,1
"П",568,5
"П",570,3
"П",571,7
"П",574,3
"П",575,13
"П",576,4
"П",577,2
"П",579,15
"П",580,1
"П",581,4
"П",583,13
"П",584,2
"П",586,13
"П",587,2
"П",588,6
"П",590,6
"П",591,9
"П",592,7
"П",593,8
"П",594,5
"П",595,3
"П",596,5
"П",597,3
"П",599,10
"П",600,4
"П",604,2
"П",605,2
"П",606,1
"П",611,1
"П",612,2
"П",613,1
"П",621,1
"П",634,1
"П",640,1
"П",641,2
"П",642,1
"П",657,1
"П",662,1
"П",712,1
"П",722,1
"П",723,1
"П",748,1
"П",757,1
"П",760,1
"П",765,1
"П",795,1
"П",900,1
"П",957,1
"П",1044,1
"П",1136,1
"П",1165,1
"П",1180,1
"П",1187,1
"П",1291,1
"П",1498,1
"П",1680,1
"П",1727,1
"П",1759,1
"П",1771,1
"П",4160,5
"С",0,68758
"С",1,17
"С",2,92
"С",3,400
"С",4,2165
"С",5,9686
"С",6,39058
"С",7,90941
"С",8,127203
"С",9,134551
"С",10,144289
"С",11,153134
"С",12,58313
"С",13,56414
"С",14,60536
"С",15,59525
"С",16,69904
"С",17,149199
"С",18,167375
"С",19,180527
"С",20,164278
"С",21,234648
"С",22,244325
"С",23,253288
"С",24,273127
"С",25,245355
"С",26,317307
"С",27,262624
"С",28,295656
"С",29,234223
"С",30,195612
"С",31,228059
"С",32,137567
"С",33,115103
"С",34,137587
"С",35,92986
"С",36,63198
"С",37,98532
"С",38,62692
"С",39,70671
"С",40,84379
"С",41,60846
"С",42,60916
"С",43,114969
"С",44,88469
"С",45,103024
"С",46,81761
"С",47,94369
"С",48,73289
"С",49,97601
"С",50,85398
"С",51,108037
"С",52,76813
"С",53,95861
"С",54,81780
"С",55,90649
"С",56,83323
"С",57,86386
"С",58,74804
"С",59,89557
"С",60,66606
"С",61,83229
"С",62,74324
"С",63,83676
"С",64,81584
"С",65,57355
"С",66,73237
"С",67,79797
"С",68,64424
"С",69,80510
"С",70,60685
"С",71,55443
"С",72,73324
"С",73,78250
"С",74,56254
"С",75,48755
"С",76,56358
"С",77,44304
"С",78,58725
"С",79,61806
"С",80,49772
"С",81,49858
"С",82,40272
"С",83,28178
"С",84,43655
"С",85,37034
"С",86,38567
"С",87,33641
"С",88,39227
"С",89,39986
"С",90,17644
"С",91,19475
"С",92,28737
"С",93,21030
"С",94,22457
"С",95,25269
"С",96,27482
"С",97,11927
"С",98,18202
"С",99,15649
"С",100,8210
"С",101,16413
"С",102,13734
"С",103,12109
"С",104,12140
"С",105,8311
"С",106,17844
"С",107,13860
"С",108,9124
"С",109,7592
"С",110,10161
"С",111,7830
"С",112,7457
"С",113,9475
"С",114,14272
"С",115,9604
"С",116,13479
"С",117,8925
"С",118,7018
"С",119,6088
"С",120,6350
"С",121,7792
"С",122,8776
"С",123,12679
"С",124,9897
"С",125,8684
"С",126,8661
"С",127,7299
"С",128,4758
"С",129,7335
"С",130,7169
"С",131,7115
"С",132,7395
"С",133,8055
"С",134,11012
"С",135,4505
"С",136,7776
"С",137,9642
"С",138,6400
"С",139,9542
"С",140,7207
"С",141,8056
"С",142,4392
"С",143,6155
"С",144,4440
"С",145,9581
"С",146,8303
"С",147,6325
"С",148,11650
"С",149,4618
"С",150,7335
"С",151,4051
"С",152,3682
"С",153,11691
"С",154,5800
"С",155,7409
"С",156,3148
"С",157,4586
"С",158,6667
"С",159,4139
"С",160,3689
"С",161,7155
"С",162,6301
"С",163,2631
"С",164,4263
"С",165,3277
"С",166,3087
"С",167,7091
"С",168,3389
"С",169,3975
"С",170,4649
"С",171,2374
"С",172,3240
"С",173,3620
"С",174,2367
"С",175,2515
"С",176,6483
"С",177,3151
"С",178,6109
"С",179,2324
"С",180,2263
"С",181,4451
"С",182,2631
"С",183,1668
"С",184,5456
"С",185,2286
"С",186,3946
"С",187,1545
"С",188,4284
"С",189,4224
"С",190,1850
"С",191,7312
"С",192,2139
"С",193,2277
"С",194,7005
"С",195,5071
"С",196,4577
"С",197,2625
"С",198,2767
"С",199,1227
"С",200,1810
"С",201,5464
"С",202,3384
"С",203,7392
"С",204,3132
"С",205,2384
"С",206,2621
"С",207,3177
"С",208,6967
"С",209,6382
"С",210,2887
"С",211,12964
"С",212,3595
"С",213,2336
"С",214,5530
"С",215,5769
"С",216,5941
"С",217,5906
"С",218,3245
"С",219,2295
"С",220,5541
"С",221,1667
"С",222,9242
"С",223,16581
"С",224,3531
"С",225,7909
"С",226,1432
"С",227,3858
"С",228,4634
"С",229,4371
"С",230,12286
"С",231,3872
"С",232,6484
"С",233,28599
"С",234,1478
"С",235,9434
"С",236,4028
"С",237,5165
"С",238,3248
"С",239,7339
"С",240,5735
"С",241,10937
"С",242,4086
"С",243,6922
"С",244,7755
"С",245,17404
"С",246,8232
"С",247,19966
"С",248,1187
"С",249,13828
"С",250,1998
"С",251,7233
"С",252,6022
"С",253,4574
"С",254,17595
"С",255,11784
"С",256,13185
"С",257,27324
"С",258,18485
"С",259,11460
"С",260,4369
"С",261,12393
"С",262,7541
"С",263,5880
"С",264,2820
"С",265,4814
"С",266,24585
"С",267,5693
"С",268,13067
"С",269,6425
"С",270,12826
"С",271,26137
"С",272,6219
"С",273,21375
"С",274,3705
"С",275,3881
"С",276,10274
"С",277,3984
"С",278,14907
"С",279,2276
"С",280,6281
"С",281,34804
"С",282,4515
"С",283,14930
"С",284,5849
"С",285,6479
"С",286,28868
"С",287,13912
"С",288,10730
"С",289,12896
"С",290,2193
"С",291,5283
"С",292,1798
"С",293,5622
"С",294,32653
"С",295,3217
"С",296,11005
"С",297,22617
"С",298,5197
"С",299,6053
"С",300,8856
"С",301,5739
"С",302,3590
"С",303,14537
"С",304,9966
"С",305,4026
"С",306,4015
"С",307,4429
"С",308,10276
"С",309,8146
"С",310,7808
"С",311,14254
"С",312,1926
"С",313,6680
"С",314,18688
"С",315,7270
"С",316,7826
"С",317,6678
"С",318,7355
"С",319,8060
"С",320,10205
"С",321,3129
"С",322,18352
"С",323,9162
"С",324,2779
"С",325,7622
"С",326,2875
"С",327,1953
"С",328,10776
"С",329,3288
"С",330,4704
"С",331,8475
"С",332,4501
"С",333,12118
"С",334,903
"С",335,2511
"С",336,4866
"С",337,1353
"С",338,2212
"С",339,7731
"С",340,3903
"С",341,8896
"С",342,4565
"С",343,3771
"С",344,1491
"С",345,1145
"С",346,4662
"С",347,3213
"С",348,4361
"С",349,9699
"С",350,3216
"С",351,1312
"С",352,11314
"С",353,2206
"С",354,2899
"С",355,1071
"С",356,1310
"С",357,1021
"С",358,5375
"С",359,2780
"С",360,6907
"С",361,2767
"С",362,2672
"С",363,2140
"С",364,3525
"С",365,1249
"С",366,6004
"С",367,2984
"С",368,2314
"С",369,1938
"С",370,802
"С",371,1994
"С",372,3238
"С",373,1751
"С",374,1578
"С",375,4040
"С",376,3996
"С",377,2666
"С",378,858
"С",379,1501
"С",380,1628
"С",381,1600
"С",382,1840
"С",383,1431
"С",384,2665
"С",385,1422
"С",386,2305
"С",387,1853
"С",388,1392
"С",389,1781
"С",390,1254
"С",391,454
"С",392,888
"С",393,3022
"С",394,5662
"С",395,1304
"С",396,1227
"С",397,1751
"С",398,883
"С",399,1901
"С",400,3313
"С",401,1308
"С",402,5460
"С",403,4018
"С",404,1989
"С",405,1040
"С",406,654
"С",407,987
"С",408,2111
"С",409,2931
"С",410,1195
"С",411,2920
"С",412,2064
"С",413,693
"С",414,2001
"С",415,1066
"С",416,1117
"С",417,2798
"С",418,2562
"С",419,1270
"С",420,863
"С",421,1004
"С",422,1249
"С",423,2774
"С",424,1083
"С",425,1186
"С",426,1225
"С",427,1681
"С",428,1779
"С",429,1484
"С",430,1056
"С",431,3377
"С",432,2265
"С",433,1322
"С",434,847
"С",435,1827
"С",436,796
"С",437,973
"С",438,1685
"С",439,1906
"С",440,1376
"С",441,953
"С",442,2469
"С",443,2764
"С",444,2148
"С",445,664
"С",446,814
"С",447,482
"С",448,1051
"С",449,1211
"С",450,1890
"С",451,574
"С",452,1895
"С",453,1630
"С",454,1999
"С",455,1266
"С",456,1029
"С",457,813
"С",458,3009
"С",459,809
"С",460,2255
"С",461,502
"С",462,1112
"С",463,741
"С",464,990
"С",465,1177
"С",466,1492
"С",467,1629
"С",468,997
"С",469,823
"С",470,3218
"С",471,663
"С",472,1184
"С",473,510
"С",474,816
"С",475,1021
"С",476,2328
"С",477,630
"С",478,2440
"С",479,817
"С",480,480
"С",481,915
"С",482,1037
"С",483,1526
"С",484,1069
"С",485,579
"С",486,1933
"С",487,961
"С",488,864
"С",489,347
"С",490,819
"С",491,1027
"С",492,709
"С",493,1407
"С",494,769
"С",495,372
"С",496,1054
"С",497,1010
"С",498,985
"С",499,2746
"С",500,1066
"С",501,779
"С",502,578
"С",503,626
"С",504,517
"С",505,226
"С",506,497
"С",507,1215
"С",508,522
"С",509,874
"С",510,677
"С",511,1046
"С",512,993
"С",513,573
"С",514,807
"С",515,589
"С",516,1598
"С",517,748
"С",518,452
"С",519,518
"С",520,837
"С",521,510
"С",522,276
"С",523,902
"С",524,1734
"С",525,303
"С",526,592
"С",527,707
"С",528,198
"С",529,806
"С",530,866
"С",531,789
"С",532,364
"С",533,253
"С",534,213
"С",535,568
"С",536,377
"С",537,613
"С",538,384
"С",539,1187
"С",540,300
"С",541,350
"С",542,718
"С",543,229
"С",544,366
"С",545,217
"С",546,687
"С",547,343
"С",548,498
"С",549,1735
"С",550,441
"С",551,229
"С",552,171
"С",553,117
"С",554,299
"С",555,85
"С",556,147
"С",557,808
"С",558,414
"С",559,169
"С",560,338
"С",561,263
"С",562,922
"С",563,170
"С",564,115
"С",565,286
"С",566,728
"С",567,219
"С",568,866
"С",569,285
"С",570,257
"С",571,203
"С",572,275
"С",573,92
"С",574,223
"С",575,173
"С",576,107
"С",577,25
"С",578,82
"С",579,174
"С",580,68
"С",581,450
"С",582,233
"С",583,124
"С",584,84
"С",585,248
"С",586,254
"С",587,152
"С",588,236
"С",589,514
"С",590,83
"С",591,88
"С",592,121
"С",593,399
"С",594,43
"С",595,117
"С",596,318
"С",597,22
"С",598,109
"С",599,24
"С",600,100
"С",601,426
"С",602,121
"С",603,136
"С",604,58
"С",605,86
"С",606,55
"С",607,14
"С",608,101
"С",609,389
"С",610,68
"С",611,20
"С",612,38
"С",613,42
"С",614,95
"С",615,34
"С",616,143
"С",617,54
"С",618,122
"С",619,31
"С",620,27
"С",621,106
"С",622,473
"С",623,27
"С",624,189
"С",625,25
"С",626,17
"С",627,13
"С",628,26
"С",629,9
"С",630,132
"С",631,65
"С",632,63
"С",633,34
"С",634,18
"С",635,34
"С",636,13
"С",637,18
"С",638,29
"С",639,80
"С",640,3
"С",641,25
"С",642,2
"С",643,46
"С",644,248
"С",645,20
"С",646,55
"С",647,132
"С",648,14
"С",649,1
"С",650,2
"С",651,5
"С",652,290
"С",653,21
"С",654,55
"С",655,42
"С",656,4
"С",657,9
"С",658,1
"С",659,27
"С",660,15
"С",661,113
"С",662,9
"С",663,12
"С",664,31
"С",665,4
"С",666,19
"С",667,25
"С",668,22
"С",669,208
"С",670,35
"С",671,3
"С",672,5
"С",673,9
"С",674,16
"С",676,5
"С",677,7
"С",678,8
"С",679,5
"С",680,1
"С",681,13
"С",682,8
"С",683,3
"С",684,1
"С",685,3
"С",686,3
"С",687,2
"С",690,1
"С",692,1
"С",693,15
"С",694,4
"С",695,23
"С",696,9
"С",697,7
"С",698,2
"С",699,1
"С",701,16
"С",703,3
"С",704,3
"С",705,6
"С",709,1
"С",712,3
"С",715,1
"С",716,3
"С",717,13
"С",718,6
"С",719,28
"С",720,7
"С",722,1
"С",725,5
"С",726,2
"С",727,3
"С",728,1
"С",729,3
"С",731,1
"С",732,1
"С",733,16
"С",734,1
"С",735,5
"С",736,1
"С",742,2
"С",754,1
"С",757,1
"С",758,2
"С",764,2
"С",766,1
"С",767,1
"С",781,1
"С",782,2
"С",789,1
"С",797,1
"С",803,1
"С",816,5
"С",819,1
"С",826,1
"С",829,2
"С",836,1
"С",846,1
"С",848,1
"С",855,1
"С",860,1
"С",863,1
"С",879,1
"С",882,1
"С",885,1
"С",892,1
"С",898,2
"С",914,1
"С",928,1
"С",941,1
"С",942,1
"С",949,2
"С",963,2
"С",966,1
"С",985,1
"С",986,1
"С",990,1
"С",1007,1
"С",1029,2
"С",1031,1
"С",1057,2
"С",1144,1
"С",1151,1
"С",1240,1
"С",1320,1
"С",1350,2
"С",1375,3
"С",1450,1
"С",1698,1
"С",1710,1
"С",1799,1
"С",1835,1
"С",1842,1
"С",1982,1
"С",4352,1
"С",40831,1
